{"loss": [2.0116140842437744, 1.4489675760269165, 1.1709511280059814, 0.9981714487075806, 0.8568668961524963, 0.725786566734314, 0.6283457279205322, 0.5350709557533264, 0.4436616897583008, 0.37869617342948914, 0.32789814472198486, 0.28987377882003784, 0.25564324855804443, 0.20779120922088623, 0.1964925229549408, 0.1465834230184555, 0.15764109790325165, 0.13478252291679382, 0.11853694915771484, 0.10696464031934738, 0.100692518055439, 0.1023838073015213, 0.09521082043647766, 0.08516400307416916, 0.061514608561992645, 0.08104295283555984, 0.07747310400009155, 0.053010471165180206, 0.0624503456056118, 0.05687158927321434], "accuracy": [0.2511686086654663, 0.4841402471065521, 0.5878130197525024, 0.652420699596405, 0.7122704386711121, 0.7516694664955139, 0.7887312173843384, 0.8217028379440308, 0.8512520790100098, 0.8737061619758606, 0.8926544189453125, 0.9028380513191223, 0.9169449210166931, 0.928631067276001, 0.935893177986145, 0.9521703124046326, 0.9455759525299072, 0.9550918340682983, 0.9627712965011597, 0.9636895060539246, 0.9656928181648254, 0.9670283794403076, 0.9681135416030884, 0.9706177115440369, 0.9789649248123169, 0.9749582409858704, 0.9752086997032166, 0.9820533990859985, 0.9792153835296631, 0.9814690947532654], "val_loss": [1.6612263917922974, 1.346966028213501, 1.048801064491272, 0.9678539037704468, 0.7827212810516357, 0.7270344495773315, 0.72240149974823, 0.5986176133155823, 0.5287938117980957, 0.5158145427703857, 0.43639007210731506, 0.4646861255168915, 0.34928831458091736, 0.4852406680583954, 0.35066768527030945, 0.46001094579696655, 0.38610273599624634, 0.4619852602481842, 0.347964882850647, 0.41780275106430054, 0.3351663053035736, 0.3458600342273712, 0.349246621131897, 0.38119590282440186, 0.3469071686267853, 0.3676658272743225, 0.2978556454181671, 0.314871221780777, 0.36636656522750854, 0.39695438742637634], "val_accuracy": [0.40801334381103516, 0.5088480710983276, 0.6377295255661011, 0.6647745966911316, 0.740901529788971, 0.754257082939148, 0.7629382014274597, 0.8113522529602051, 0.8367278575897217, 0.8383973240852356, 0.8674457669258118, 0.8514190316200256, 0.8858096599578857, 0.8390651345252991, 0.8934891223907471, 0.8731218576431274, 0.8944908380508423, 0.86243736743927, 0.9045075178146362, 0.8924874663352966, 0.9005008339881897, 0.9091819524765015, 0.9015024900436401, 0.9015024900436401, 0.9158597588539124, 0.9061769843101501, 0.9215359091758728, 0.917863130569458, 0.9041736125946045, 0.9111853241920471]}